School Name,Phone Number
KARNATAKA PUBLIC SCHOOLS KARNATAKA PUBILIC SCHOOL ANNEHAL JA.HATTI - (29130100102) ,9901921678
KARNATAKA PUBLIC SCHOOLS GHPS JAMPANNANAHATTI - (29130100201) ,9902581077
GURUSHANTHESHWARA HS GODABANAHAL - (29130100803) ,9945641440
KTP CONVENT GODABANAL - (29130100804) ,9901805966
GMHPS GODABANAHAL - (29130100801) ,8722100357
SRI VEERABHADRASWAMY HS SONDEKOLA - (29130100902) ,9686059723
SRI OBALANARASIHMASWAMY ENG HS J.KONDA - (29130101405) ,6360339345
SRI OBALANARASIHMASWAMY HS J.KONDA - (29130101402) ,9448843736
SJM LPS PRIMARY SCHOOL YALAGODU - (29130102103) ,7259349990
GUHPS AJJAPPANAHALLI - (29130102401) ,8628073181
MG CONVENT MUDDAPURA - (29130102703) ,9611768961
S.P.D.R.H.S.ISAMUDRA - (29130103802) ,7829435699
"SHARADA PUBLIC SCHOOL, C.G. HALLI - (29130104406) ",9980310095
SRI G H ASHWATH REDDY MEMORIAL PATEL BASANNA HIGH SCHOOL - (29130104902) ,7259714576
GUHPS SULTHANIPURA - (29130105101) ,7899709996
OBALADEVARA RURAL HS SULTHANIPURA - (29130105102) ,9535409451
GMHPS G R HALLY - (29130105501) ,9902734106
SRI ANJANEYASWAAMY RURAL HS - (29130105602) ,8105355849
SRI TARALABALU JAGADGURU ENGLISH MEDIUM PRIMARY SCHOOL - (29130105908) ,8884433893
SRI NEELAMBIKA GIRLS HS SIRIGERE - (29130105904) ,9986914080
B.L.R.J.C. SIRIGERE - (29130105905) ,8722841055
STJ SRG - (29130105903) ,9343971710
SRI S.M.GANGADHARAYYA HSS ALAGAVADI - (29130106502) ,9964063311
JNANA JYOTHI CONVENT HALAVUDARA - (29130107002) ,8105155081
SKSBBR HS DODDALAGATTA - (29130107402) ,9483607258
JNANAPOORNA HPS - (29130108305) ,9900743100
THALAVARA SANCHALAPPA NAYAKARA HS - (29130109902) ,9901938940
SRI SWAMYVIVEKANANDA PU(11-12) - (29130110707) ,9449680833
SRI DYAMALAMBA HS HIREGUNTANUR - (29130110703) ,9449481217
HPS DYAMALAMBA - (29130110704) ,8152864499
SLV HPS KURABARAHALLI - (29130111803) ,8971599273
GUHPS KURABARAHALLI - (29130111802) ,7829408451
SHIVA RURAL HS SINGAPURA - (29130111903) ,8861242613
HPS SHIVA SINGAPURA - (29130111902) ,8970412849
SURYODAYA ENGLISH HS - (29130112503) ,9901125054
HPS SURYODAYA - (29130112502) ,9901125054
SRI ANJANEYASWAMY HS - (29130112602) ,9980436220
BR.AMBEDKAR HS SIDDAPURA - (29130112702) ,7975268629
GMHPS SIDDAPURA - (29130112701) ,9902196945
SRI NUTHAN HPS SIDDAPURA - (29130112703) ,9611104851
SRI NUTHAN ENGLISH H.S. SIDDAPURA - (29130112704) ,9611104851
GUHPS HIDAYATHAPURA - (29130112801) ,8904158130
VISION INTERNATIONAL SCHOOL - (29130112902) ,9986548473
GNANAGANGOTRI CONVENT - (29130113204) ,7795108352
SMT. INDIRAGANDHI RESIDENTIAL SCHOOL TURUVANUR - (29130113207) ,9742930927
SRI MARUTHI RURAL HS BELAGATTA - (29130114902) ,9902810272
YASHODHARAMMA BORAPPA HS HAYKAL - (29130115002) ,8861688737
VISHWABHARTHI HPS - (29130115703) ,9449374720
AMRUTHA CONVENT SCHOOL M K HATTI - (29130115712) ,8861259901
PRIYADARSHINI GIRLS HS - (29130115715) ,9743689158
GKHPS MATADAKURABARAHATTI - (29130115701) ,9113275896
LITTLE FAIRIES INTERNATIONAL SCHOOL - (29130115711) ,8884433893
BHADRA H.S M.K. HATTI - (29130115710) ,9845774988
SJM HPS MATADAKURABARAHATTI - (29130115704) ,9242748847
AMMA ENGLISH MEDIUM HIGH SCHOOL - (29130115713) ,8861259901
S J M HPS KANNADA MEDIUM M K HATTI - (29130115719) ,9480422804
"SJM HIGH SCHOOL, M.K. HATTI - (29130115709) ",9449279300
GUHPS M.K.HATTI - (29130115706) ,9481038145
ROCKFORT INTERNATIONAL RESIDENTIAL SCHOOL MK HATTI - (29130115716) ,8884433893
VISHWAMANAVA RESIDENTIAL SCHOOL - (29130115905) ,9449602040
HPS VISHWAMANAVA SIBARA GUTTI - (29130115904) ,9901901622
NAVEEN HS .SIBARA - (29130116002) ,9632272679
S J S ENGLISH MEDIUM SCHOOL - (29130116103) ,8880333222
SRI RAMAKRISHNA HS - (29130116102) ,9901738668
GOOD SHEPHERD HPS MALAPPANAHATTI - (29130116302) ,9448233836
GUARDIAN ANGEL HIGH SCHOOL - (29130116505) ,9148714410
"DEVARAJ URS HIGH SCHOOL., MEDEHALY - (29130116503) ",9880293906
HPS GUARDIAN ANGLES - (29130116507) ,9035564722
MINARITIES SRI MORARJI DESAI SCHOOL - (29130116506) ,9845282531
SIDDESHWARA HS MEDEHALLI - (29130116504) ,9901124843
NAMMA EXPERS P U COLLEGE - (29130116508) ,8747800040
BHARATHEEYA HS MADAKARIPURA - (29130117506) ,7411301990
SIR M VISHVESHWARAYYA HPS MADAKARIPURA - (29130117507) ,9902812302
KMS INDEPENDENT PU (11-12) COLLEGE - (29130117508) ,9449022077
GUHPS MADAKARIPURA - (29130117505) ,9449119268
BAPUJ PUBLIC HIGH SCHOOL - (29130117611) ,7349222350
S R S ENGLISH MEDIUM HS - (29130117609) ,7090133905
BAPUJI PH INTEGRATED HIGH SCHOOL - (29130117603) ,9448531288
PVS PRIMARY SCHOOL - (29130117610) ,9686428368
SRS HERITAGE SCHOOL - (29130117607) ,9964202523
BAPUJI HIGHER PRIMARY SCHOOL - (29130117602) ,9449161168
BAPUJI RURAL HS KALLAHALLI - (29130119002) ,9663517870
HOCHI BORAIAH HS BACHHABORANAHATTI - (29130119202) ,9845626813
BHEEMESWARA ENGLISH HPS - (29130119906) ,9741134023
SRI BEEMESHWARA RURAL HS B.SAMUDRA - (29130119904) ,9740888814
SB ENGLISH HS BHEEMASAMUDRA - (29130119905) ,8550075550
BHEEMESWARA BALA VIKASA HPS - (29130119903) ,9448566306
BHEEMESHWARA RURAL COMP (11-12) - (29130119908) ,8150092772
SMT. INDIRAGANDHI RESIDENTIAL SCHOOL BOMMENAHALLI - (29130120404) ,9482943633
HPS YOGI NAREYANA YATHEENDRA - (29130120403) ,9945005393
SRI ANJANEYASWAMY HS KADLEGUDDU - (29130120502) ,9611432527
NARASIMHA SWAMY RURAL HS D.V.HALLI - (29130120702) ,8310494420
DVS HS BHARAMASAGARA - (29130120813) ,9972768681
BAPUJI COMP PUC BHARAMASAGAR - (29130120810) ,9449775047
AKKAMAHADEVI HS B.SAGARA - (29130120811) ,8762466768
VIDYA CHETANA CONVENT LPS - (29130120817) ,9448565655
LITTLE ANGELS LPS - (29130120818) ,9449581333
NETHAJI HPS BHARAMASAGARA - (29130120804) ,8147258821
SJM HPS BHARAMASAGARA - (29130120803) ,9964379823
S M L HPS BHARAMASAGARA - (29130120816) ,7760225010
GMHPS BHARAMASAGARA - (29130120801) ,9880022257
DVS HPS BARAMASAGARA - (29130120815) ,9972768681
TARALABALU HIGHER PRIMARY SCHOOL BAHADDURGHATTA - (29130121506) ,9380466512
SMT. KALLAMMA HS BAHADDURGHATTA - (29130121505) ,9964714242
LPS KOLLARAPPA - (29130122004) ,9741573262
S V R HS KALAGERE - (29130122003) ,9611165385
S.B.R HIGH SCHOOL - (29130122902) ,9164284303
ANANYA PUBLIC SCHOOL - (29130122903) ,9986708297
S.K.R HS KARIYAMMANAHATTI - (29130123002) ,9964434049
GUHPS GOWRAMMANAHALLI - (29130123401) ,9916260957
RURAL HS HAMPANUR - (29130124402) ,9481911480
NETHAJI HS KYASAPURA - (29130125003) ,9901953295
GUHPS NELENAHATTI - (29130125301) ,9164508688
SAHYADRI HPS VIJAPURA - (29130125403) ,9986627000
S.S.R.C HS VIJAPURA - (29130125402) ,8310853651
TMAES EAST FORT - (29130125907) ,9483773665
SRI VIDYA VAHINI HPS WARD1 - (29130125902) ,9902372308
HPS ROYAL WARD1 - (29130125906) ,7353070260
VASUDEVAREDDY HS - (29130125924) ,9448038417
MILLATH COMP PU (11-12) COLLEGE - (29130125913) ,8147528039
"S.J.M ARTS, SCIENCE & COMMERCE - (29130125915) ",9448466884
SRI SADGURU KABEERANANDA SWAMY HS - (29130126007) ,9980047655
ANUPAMA INTERNATIONAL PUBLIC SCHOOL - (29130126009) ,9880100738
SREE SADGURU KABEERANANDASWAMY HPS - (29130126006) ,8123562463
SRI SHARADA GIRLS RESIDENTIAL HIGH SCHOOL - (29130126005) ,9535115103
SREE SHIVLINGADHNADASWMY ENG HS - (29130126105) ,8431429862
SREE SADGURU KABEERANANDASWAMY ENG HPS - (29130126104) ,8431429862
SRI A BHEEMAPPANAYAKA HS - (29130126106) ,9900756949
HPS BHEMAPPANAYAKA K B BADAVANE - (29130126101) ,8722972939
GMHPS KB BADAVANE - (29130126202) ,9449774329
HPS SAMPIGE SIDDESWARA - (29130126204) ,9902009938
HPS PRAGATHI VIDYAMANDIRA - (29130126205) ,9448656550
LPS KINTO CONVENT - (29130126203) ,9342195700
SRI VASAVI ENGLISH HS - (29130126304) ,8494942020
VASAVI HIGH SCHOOL - (29130126305) ,9481038164
HPS VASAVI KANNADA - (29130126302) ,8494942020
HPS SRIVASAVI ENGLISH - (29130126301) ,9448013335
MADAKARINAYAKA ENGLISH HS - (29130126413) ,8951095076
SHREE PARSHWANATHA HPS - (29130126406) ,9620860680
MAIN GHPS - (29130126411) ,9632799809
HRUSHI SAMSKRUTHI CONVENT - (29130126408) ,9590233268
MADAKARI HS - (29130126414) ,9980992370
SRI PARSHWANATHA ENGLISH HPS AND HS - (29130126415) ,8904146694
GHPPS - (29130126412) ,8197774399
HPS VIKASAVIDYA SAMSTE - (29130126508) ,9739455553
GUHPS BEO OFFICE - (29130126503) ,9449088816
GUHS NEAR BASAVAMANTAPA ROAD - (29130126509) ,9448944343
MOULANA AZAD MODEL ENGLISH MEDIUM SCHOOL - (29130126510) ,8861422096
GUHPS BURUJANAHATTI - (29130126704) ,8762798090
MOUNT VIEW SCHOOL OF EDUCATION - (29130126702) ,8722478616
GUHPS ALIMOHALLA - (29130126701) ,9986238948
SRI BARAGERAMMA HS - (29130126803) ,8152986412
HPS JNANABHARATHI VIDYA MANDIRA - (29130126804) ,8073637244
SREE SHARADA HPS - (29130126802) ,9901821681
JNANA BHARATHI VIDYA MANDIRA HIGH SCHOOL - (29130126806) ,8073637244
HPS OMKAR HUCHANAGALINGASWAMY KANNADA - (29130126805) ,9980173993
SRI VINAYAKA HPS - (29130126902) ,9844244196
GUHPS CHOLUGUDDA - (29130126904) ,8147003573
MOUNTAIN VIEW PUBLIC SCHOOL - (29130127005) ,7975977020
GUHPS AGASANAKALLU - (29130127003) ,9742032747
BRIGHT CHOLAGUDDA LPS - (29130127004) ,9482066455
"JNANA VIKASA LPS, HPS AND HS - (29130127104) ",9590018819
KUVEMPU HIGHER PRIMARY SCHOOL - (29130127102) ,7411283553
CHETHANA HPS - (29130127103) ,9980441721
URDU MILLATH HS NEHRU NAGARA - (29130127106) ,9108106100
WESTERN HILLS PUBLIC SCHOOL - (29130127205) ,9743760253
HPS MYLARLINGESWARA - (29130127201) ,9535579442
WESTERN HILLS ENGLISH MEDIUM HS - (29130127207) ,9743760253
SRI SAMPIGE SIDDESWARA HS - (29130127309) ,9901651873
HPS TARALABALU - (29130127308) ,8970311408
SREE KASTURI VIDYA SAMASTHE HPS RAILWAY STATION - (29130127405) ,9482068161
TIKSHNA SPECIAL SCHOOL FOR BLIND - (29130127508) ,9945610686
GUHPS EDGAMOHALA - (29130127615) ,9036622591
GMHPS MILLAREA - (29130127603) ,8296180403
SRI SBHS (KM) GUMASTA COLONY - (29130127608) ,9448144871
HPS SHARANA BASAVESHWARA - (29130127614) ,9449399453
NOBLE HPS & HIGH SCHOOL - (29130127612) ,9482066455
BRUHANMATH HS - (29130127610) ,7022063381
SRI SHARANA BASAVESHWARA ENG HS - (29130127613) ,7204310234
GUHPS MYSORE LAYOUT - (29130127704) ,8549977517
GUHPS GOPALPURA - (29130127806) ,9916607860
HPS URDU ILLMULL UDA - (29130127805) ,8951111405
HPS VIDYADAYINI PUBLIC SCHOOL - (29130127804) ,8123553677
VIDYABHARATHI JNANA MANDIRA HIGH SCHOOL - (29130127904) ,9448173373
CHINMULADRI NATIONAL HIGH SCHOOL - (29130127905) ,8105817902
CHINMULADRI NATIONAL ENGLISH MEDIUM PRIMARY SCHOOL - (29130127906) ,8777777777
HONGIRANA PUBLIC HPS V P BADAVANE - (29130128004) ,8550055789
REGIONAL ENGLISH SCHOOL - (29130128001) ,9986802795
HPS NATIONAL PUBLIC SCHOOL - (29130128106) ,9945625178
HPS ANJNEYA SWAMY - (29130128102) ,9591900385
NATIONAL ENGLISH SCHOOL HORAPETE CTA - (29130128104) ,8660444011
CRESCENT ENGLISH SCHOOL - (29130128105) ,8553026606
GUHPS AZAD NAGAR - (29130128205) ,9449226845
MEHABOOB PRIMARY SCHOOL AZAD NAGAR - (29130128206) ,9019653382
LITTLE ANGEL HPS - (29130128204) ,9916147728
NEW LITTLE FAIRIES HPS - (29130128301) ,7338178583
SMART KIDS INTERNATIONAL SCHOOL - (29130128403) ,8618266748
GUHPS HORAPETE - (29130128405) ,9740532717
HPS MODEL SAINIK - (29130128504) ,9739351099
VIDYA VIKAS ENGLISH HIGHER PRIMARY SCHOOL - (29130128506) ,7090808194
VIDYA VIKASA HPS & HS - (29130128503) ,9964467647
L.P.S. LITTLE ROSES - (29130128606) ,7022586363
K K NATIONAL SCHOOL CHURCH ROAD - (29130128604) ,9900399600
ST JOSEPH'S CONVENT GIRLS HS - (29130128607) ,9738612616
ROTARY ENGLISH HIGH SCHOOL - (29130128608) ,8431728145
SRI SIDDARAMESHWARA RESIDENTIALHS - (29130128605) ,9880187077
CHITRADURGA WELFARE TRUST HPS - (29130128602) ,9972604555
INDIAN INTERNATIONAL - (29130128713) ,8892289511
DON BOSCO KANNADA HIGHER PRIMARY SCHOOL - (29130128723) ,9886677265
DON BOSCO SCHOOL (ICSE) - (29130128719) ,9448935000
DON BOSCO KANNADA MEDIUM HPS AND HS - (29130128722) ,8147715304
TARALABALU NURSERY PRIMARY AND ENGLISH MEDIUM HIGH SCHOOL - (29130128705) ,9880963441
PRAKRUTHI ENGLISH HIGHER PRIMARY SCHOOL - (29130128717) ,9980426842
HPS MESTRU BORAMMA - (29130128802) ,9019951166
HPS GURUKULA - (29130128806) ,9113028781
MINERVA - (29130128902) ,7026811292
NEW ERA ENGLISH HPS - (29130128906) ,9071758828
NEW ERA KANNADA HIGHER PRIMARY SCHOOL - (29130128901) ,8277433827
HPS BHEEMAPPANAYAK C K PURA - (29130128905) ,9901419230
DON BOSCO SCHOOL - (29130128718) ,9448913000
SAINT JOSHEPH(KANNADA) PRIMARY SCHOOL - (29130129002) ,9916158636
HPS ROTARY(KANNADA) - (29130129001) ,9902751999
MASTER K. BORAIAH HS - (29130129012) ,8861385137
ST JOSEPH CONVENTENGLISH HIGHER PRIMARY SCHOOL - (29130129005) ,8296632315
BAPUJI BOYS HS C K PURA CHITRADURGA - (29130129010) ,9449321215
BAPUJI GIRLS HS - (29130129011) ,9448812889
ROTARY ENGLISH HPS & HS - (29130129003) ,9738169296
SREE MATHRUSHREE PUBLIC SCHOOL - (29130129107) ,9591878838
SHREE SHAKTHI HIGHER PRIMARY SCHOOL - (29130129108) ,9886080129
MM HIGH SCHOOL - (29130129111) ,9482068142
INDIAN INTERNATIONAL CBSE SCHOOL - (29130129207) ,9449904910
SRI PATTADAPARAMESWARASWAMY KANNADA HPS - (29130129205) ,8618253425
OSCAR FERNANDEZ INTERNATIONAL PUBLIC SCHOOL - (29130129208) ,9743048006
MAHARANI PU COL FOR GIRLS - (29130130327) ,9448854051
PRASHANTHI VIDYALAYA LPS - (29130131104) ,8884653201
THE STEPPING STONES SCHOOL - (29130131102) ,9686791923
SRI MURARJI DESAI RESIDENTIALSCHOOL GULAYANAHATTI - (29130131201) ,9449145557
HPS VISHWA BHARATHI - (29130131401) ,8497006168
SRI MARUTHI RHS TOREKOLAMMANAHALLY - (29130200102) ,8971976645
VEERABHADRAESHWARA HS MUSHTALAGUMMI - (29130200502) ,9916931624
GGLPS URDU CHOWLAKERE - (29130200602) ,9902343769
SRI MUGABASAVESHWARA HI TEACH SCHOOL MALLURAHALLY - (29130200812) ,8618007371
SRI SRI THIRUCHIMAHASWAMY HS MALLURAHALLY - (29130200811) ,9164396763
SRI GURUTHIPPERUDRASWAMY HS MALLURAHATTY - (29130201402) ,7996816472
ST COMPOSITE PRE-UNIVERSITY COLLEGENAYAKANAHATTY - (29130202029) ,8050323599
STSR HS NAYAKANAHATTY - (29130202022) ,9740103830
GMHPS NAYAKANAHATTY - (29130202011) ,9900897927
GGHPS URDU NAYAKANAHATTY - (29130202018) ,7795461876
LPS SGTS NAYAKANAHATTY - (29130202010) ,9740108444
HPS VIDYAVIKASA NAYAKANAHATTY - (29130202009) ,9449510078
"STSR ENGLISH MEDIUM LPS,NAYAKANAHATTY - (29130202030) ",6363887186
RAJAHATTY MALLAPPANAYAKA HS NAYAKANAHATTY - (29130202023) ,8197607181
VIDYA VIKAS ENGLISH MEDIUM HPS AND HS NAYAKANAHATTY - (29130202026) ,9945300419
J.M.CHOUDARY HPS AND HS MEMORIAL NAYAKANAHATTY - (29130202025) ,9880556396
J.M.CHOUDARY MEMORIAL HPS NAYAKANAHATTY - (29130202024) ,8904482332
DONBOSCO HPS NAYAKANAHATTY - (29130202027) ,9535390087
SGTS HPS NAYAKANAHATTY - (29130202019) ,9916333060
SRI GURUTHIPPERUDRASWAMY HS KEB EXT NAYAKANAHATTY - (29130202021) ,8971476169
JJR NAYAKANAHATTY - (29130202016) ,8904482332
PRIYADARSHINI HPS NAYAKANAHATTY - (29130202017) ,8884055256
GUHPS URDU N.MAHADEVAPURA - (29130202101) ,7795451477
INDIRAGANDHI RESIDENTIAL SCHOOL N MAHADEVAPURA - (29130202103) ,8050317140
UGHPS OBAIAHNAHATTY - (29130202302) ,8722150754
CLUNY CONVENT ENGLISH HPS JAMBAIAHANAHATTY - (29130202802) ,7259613302
SRIVIJAYA KAN HS MANUMAIHNAHATTY - (29130203402) ,9739425143
HPS ANUGRAHA ENGLISH MEDIUM NERALAGUNTE - (29130203908) ,9845863162
ANUGRAHA CONVENT HPS NERALAGUNTE - (29130203907) ,9845863162
SRI VENKATESHWARA RHS NERALAGUNTE - (29130203906) ,9844432462
GMHPS HIREHALLY - (29130204304) ,9901449443
CHINTHAMANESHWARI HPS HIREHALLY - (29130204307) ,9902745712
SRI UJS LPS HIREHALLI - (29130204303) ,7353734055
SWAMY VIVEKANANDA NATIONAL SCHOOL HIREHALLY - (29130204317) ,9916768994
CHINTHAMANESHWARA RHS HIREHALLY - (29130204312) ,9880032254
MARUTHI HS HANUMANTHANAHALLY - (29130204503) ,9902348390
SRI MARUTHI RURAL HS DEVAREDDYHALLY - (29130205102) ,9900779088
DrII B.R.AMBEDKAR RESIDENTIAL SCHOOL BEDAREDDYHALLY - (29130205504) ,7892428971
G.V.ANJANAPPA HS BEDAREDDYHALLY - (29130205502) ,9902780411
MANVANTHARA NATIONAL SCHOOL - (29130205602) ,9886445680
VASATHI HS GHATAPARTHI - (29130205709) ,9449375315
RENUKADEVI INDEPENDENT COLLEGE - (29130206007) ,9880243497
RENUKADEVI HS RENUKAPURA - (29130206003) ,9900962432
SRI ANJENEYASWAMY RURAL HS CHITRANAYAKANAHALLY - (29130206203) ,9886914622
CP MUDALGIRIYAPPA HIGH SCHOOL THIMMANNANAHALLY - (29130206503) ,9901553531
MARUTHI HPS THALAKU - (29130206615) ,7406157040
MARUTHI LPS THALAK - (29130206604) ,8722882717
CHAITHANYA MEMORIAL PUBLIC SCHOOL - (29130206616) ,9741492617
GMHPS THALAK - (29130206605) ,9845547286
SRI GOWRIDEVI RHS DODDAULLARTHY - (29130207004) ,9901444987
JNANAGANGOTHRI LPS DODDAULLARTHY - (29130207003) ,9620906209
SHARADHA HPS DODDAULLARTHY - (29130207002) ,7204563732
PATEL PALAIAH HS KALUVEHALLY - (29130207105) ,9902905869
GGLPS URDU KALU-GOUDRAHATTY - (29130207103) ,9844648536
CHANDRODAYA LPS YADALAGATTE - (29130207303) ,9108233869
SOMALINGAESHWARA HS GUDIHALLY - (29130210002) ,9980171474
SARVODAYA ENGLISH MEDIUM HPS K D KOTE - (29130207703) ,9110461041
SARVODAYA ENG HPS K D KOTE - (29130207701) ,9110461041
SIDDIVINAYAKA HPS THIPPAREDDYHALLY - (29130208104) ,9590479882
SRI PPRHS NANNIVALA - (29130208320) ,9740114524
GGHPS URDU IMAMPURA - (29130208401) ,9535450530
GGLPS URDU BUDNAHATTY - (29130208704) ,9164669364
NSVK HS KARIKERE - (29130209203) ,9972390053
RANIKERE RURAL PU COLLAGE M S HALLY - (29130209402) ,8147616494
SSPS KAREKARE - (29130209403) ,8970765350
RANIKERE GJC COMPOSITE - (29130209405) ,9449680776
SRISWAMYVIVEKANADA HS BOMMASAMUDRA - (29130209502) ,9945913429
VAGDEVI PUBLIC SCHOOL CHALLAKERE - (29130209708) ,9480422817
GGLPS URDU NAGAREMGERE - (29130209703) ,9686518185
SRS PRE-UNIVERCITY COLLEGE - (29130219551) ,7090452222
SHARADHAMBA HS SIDDAPURA - (29130209802) ,9845452522
INDIRAGANDHI RESIDENTIAL SCHOOL KASABA CHALLAKERE - (29130219554) ,9902104870
SRI MARUTHI RURAL HS BALENAHALLY - (29130210302) ,9945437224
SRI MALLESHWARA RURAL HIGH SCHOOL - (29130210504) ,8861682295
VALAMIKI HS DEVARAMARIKUNTE - (29130211304) ,9900313503
MARUTHI HIGH SCHOOL SANIKERE - (29130211806) ,9449649793
VASISHTHA EDUCATIONAL DEVELOPMENT ACADEMY SANIKERE - (29130211810) ,6360769335
MAHATMA GANDHI COMP JR COLLEGE(11-12) - (29130212409) ,9901507801
MAHTHAMAGANDI HS JAJURU - (29130212406) ,9449628940
GADRIPALANAYAKA HS JUNJURUGUNTE - (29130213202) ,9902532573
SRI KRISHANA HS CHANNAMMANAGATHIHALLY - (29130213503) ,9902227114
SRI VEERABHADRESHWARA CHOWLURU - (29130213807) ,9538672615
VEDAVATHI HPS P R PURA - (29130213917) ,9902850525
SIR C V RAMAN ENG HS - (29130213925) ,9886214365
SMT INDIRAGANDHI RESIDENTIAL SCHOOL PARASHURAMPURA - (29130213902) ,7760268656
KARNATAKA PUBLIC SCHOOLS GHPS P.R.PURA - (29130213904) ,8105539967
KARNATAKA PUBLIC SCHOOLS GPU COLLEGE PARASHURAMPURA - (29130213914) ,8861682565
VEDAVATHI ENG HS P R PURA - (29130213924) ,9902850525
RURAL GIRLS HIGH SCHOOL - (29130213915) ,9880366910
SRI VINAYAKA HPS PARASHURAMPURA - (29130213919) ,9740036587
SARVODAYA HS P R PURA - (29130213922) ,9972675485
SARVODAYA HPS P R PURA - (29130213921) ,9686873630
SIR C V RAMAN ENGLISH MEDIUM H P S PARASHURAMPURA - (29130213907) ,8970199025
JNANA VIKASA LPS NAGAPPANAHALLY GATE - (29130214305) ,9448345781
RADAKRISHNA RURAL HS GOSIKERE - (29130214807) ,9741406515
RADHAKRISHNA HPS NARAYANAPURA - (29130215105) ,8722845008
B S SHASTRI GJC COMPOSITE (11-12) - (29130215108) ,9741293245
NEHARU RURAL HS HULIKUNTE - (29130215204) ,8861415584
B L GOWDA PRE-UNIVERCITY COLLEGE KYADIGUNTE - (29130216204) ,9449481276
WARRIOR'S ICSE SCHOOL - (29130219544) ,9972289928
X-SOLDER'S ENG HPS - (29130219555) ,9591369103
VINOD ENGLISH MEDIUM HPS GANDHINAGAR - (29130222904) ,7795498425
MINORITY MORARJI DESAI RESIDENTIAL SCHOOL CHALLAKERE - (29130219545) ,8746863391
WARRIORS ENG HS CHLK - (29130219525) ,9739148055
EVK ENG HS OLD TOWN CLK - (29130219549) ,9980300826
SJM ENGLISH MEDIUM SCHOOL BELLARY ROAD CHALLAKERE - (29130219552) ,9741921226
WARRIORS ENGLISH HPS CHALLAKERE - (29130219536) ,9739148055
HONGIRANA INTERNATIONAL SCHOOL - (29130222908) ,9113213966
SRS HERITAGE SCHOOL - (29130219550) ,8150032222
INNOVATIVE INSTITUTE OF MODREN EDUCATION T R NAGARA - (29130219553) ,9448338756
BELAKU DEAF AND DUMB CHILDREN SCHOOL - (29130219607) ,7259269965
GGLPS URDU SUJIMALLESHWARANAGARA - (29130219605) ,9901926272
SRI RAGHAVENDRA HIGH SCHOOL - (29130219610) ,9845144764
GGLPS URDU VENKTESHWARANAGARA - (29130219606) ,9972113799
SRI SWAMY VIVEKANANDA HPS - (29130219702) ,8217579559
SRI JAGALURAJJA MAHASWAMY HS - (29130219704) ,8073098471
SRI TIRUCHI MAHASWAMY HPS - (29130219706) ,9611484875
SRI SWAMY VIVEKANANADA KANNADA MEDIUM HS - (29130219705) ,9632669436
ADARSHA VIDYALAYA RMSA CHALLAKERE - (29130219806) ,9980242479
IIME ENGLISH MEDIUM SCHOOL - (29130219908) ,9448338756
BAPUJI HS CHALLAKERE - (29130219905) ,9448728303
MANJARI HPS - (29130219903) ,9036638480
JNANASURABI PUBLIC SCHOOL - (29130219907) ,6363050450
VISHWABHARATHI HPS - (29130219902) ,9148817064
BAPUJI COMPOSITE PRE-UNIVERSITY COLLEGE (11-12) - (29130219906) ,9448788618
VISHWABHARATHI HS THYGARAJANAGARA - (29130219909) ,8050311363
JNANADHARA ENGLISH MEDIUM HPS AND HS T R NAGARA - (29130220007) ,8217096307
SMT M GIRIYAMMA GIRLS PRE-UNIVERSITY COLLEGE THYGARAJANAGARA - (29130220009) ,9972078408
JNANADHARA ENGLISH MEDIUM HPS T R NAGARA - (29130220008) ,7975920774
KGBV CHALLAKERE - (29130220106) ,9739405513
MATHRUSHREE VIDYALAYA - (29130220103) ,9008731866
ROTARY ENGLISH MEDIUM HPS AND HS CHALLAKERE - (29130220104) ,9886095025
BMGHS CHALLEKERE - (29130220105) ,7411400693
MOKAM'S ROTARY ENGLISH MEDIUM - (29130220102) ,9241641995
GGLPS URDU AMBEDKARA NAGARA - (29130220301) ,9886203085
SRI SHARADA HIGH SCHOOL CHALLEKERE - (29130220306) ,9900276662
SHARADA KANNADA HPS - (29130220305) ,9880437460
GGHPS URDU GANDHINAGARA - (29130220405) ,9482244099
KUVEMPU ENGLISH MEDIUM HPS - (29130220509) ,9986909400
NAVACHETHANA HPS - (29130220501) ,8722686699
MOULAN AZAD MODEL SCHOOL - (29130220503) ,8746863391
KUVEMPU ENGLISH MEDIUM HIGH SCHOOL CHALLAKERE - (29130220508) ,9538012199
VASAVI ENGLISH MEDIUM HIGH SCHOOL - (29130220705) ,9611171184
VASAVI ENGLISH HPS - (29130220704) ,9036800776
PRAGATHI HPS - (29130220703) ,9945788575
VARDHAMAN PUBLIC SCHOOL GANDINAGARA - (29130222902) ,9986721798
INFANT JESUS HPS - (29130220809) ,9740543173
CHINMAYA HIGH SCHOOL CHALLAKERE - (29130220803) ,9481415646
CHINMAYA HPS - (29130220804) ,9481415646
NATIONAL PUBLIC SCHOOL VITAL NAGARA - (29130220807) ,9632042378
BAPUJI GIRLS HIGH SCHOOLCHALLAKERE - (29130220808) ,9449128347
INFANT JESUS HIGH SCHOOL CHALLAKERE - (29130220806) ,8105018999
INFANT JESUS ENGLISH MEDIUM HPS - (29130220805) ,8050211003
SRI MURARJI DESAI RESIDENTIAL SCHOOL. - (29130221009) ,8971718111
SRI K P POORNA CHANDRA TEJASWI - (29130221006) ,6364597727
SMT MG GIRLS INDP PU COL - (29130221005) ,9113092007
SRI KATAMLINGESHWARA HIGH SCHOOL KATAPPANAHATTY - (29130221007) ,9731332122
BAPUJI RURAL COMPOSITE COLLEGE GOPANALLY - (29130221004) ,8971714111
KITTURU RANI CHENNAMMA R S CLK - (29130221003) ,9902104870
X-SOLDER'S HPS - (29130221103) ,9900637320
SAICHETHANA HPS - (29130221305) ,8880322143
EX-SOLDIERS HIGH SCHOOL CHALLAKERE - (29130221304) ,9663485767
SRI JOGESHWARA INDIPENDENT PRE-UNIVERSITY COLLEGE - (29130221307) ,9845594528
SRI SWAMYVIVEKANANADA ENGLISH HIGH SCHOOL - (29130221306) ,7892333584
BAPUJI HS GOPANAHALLI - (29130221405) ,9448728303
B.S.S.HIGH SCHOOL B.N.PURA - (29130221701) ,9980363025
LALITHAMMA RANGANATHA PRE-UNIVERSITY COLLEGE - (29130221803) ,9880018525
LALITHAMMA K.H RANGANATHA HS - (29130221801) ,9380667195
VIDYABHARATHI HPS OLDTOWN - (29130222801) ,9482823960
SJM MANDIMATHA HPS - (29130222802) ,8861697524
SAHYADRI ENG HPS & MAHATHMAGANDHI ENGLISH MEDIUM HS CHALLAKERE - (29130222903) ,9448144373
BASAPPA JAYAMMA ENGLISH MEDIUM HIGH SCHOOL - (29130222901) ,7829049197
MAHATMA GHANDI HPS - (29130222905) ,7624885939
JNANA BHARATHI LPS SOMAGUDDU ROAD CHALLAKERE - (29130223201) ,7337736362
GMHPS GIRLS CHALLAKERE - (29130223301) ,9980606182
SAHYADRI ENGLISH MEDIUM HPS CLK - (29130223401) ,9448892416
SRI RAJARAJESHWARI HIGH SCHOOL MADAKARI.NGR - (29130223502) ,7892350557
SRI SHARADAMBA INDIPENDENT PRE-UNIVERSITY COLLEGE - (29130223603) ,8762619983
BASAVESHWARA HPS MADAKARINAGARA - (29130223601) ,9483450495
BASAVESHWARA HIGH SCHOOL MADAKARI NAGARA - (29130223602) ,9845880210
SHARADAMBA RURAL PU COL - (29130213176) ,8431084998
G H P S CHIKKASIDDAVVANAHALLIHALLI - (29130300105) ,9900334047
SRI SHARADA DEVI HIGH SCHOOL BURUJANAROPPA - (29130300303) ,9535879548
KARNATAKA PUBLIC SCHOOLS GHS MARADIHALLI - (29130300404) ,9448923938
KARNATAKA PUBLIC SCHOOLS GHPS MARADIHALLI - (29130300402) ,9731700693
HS NALANDA RURAL SONDEKERE - (29130300603) ,9986068639
GJC YARABALLI - (29130301205) ,9741765642
HS SRVS AIMANGALA - (29130301506) ,9448534693
HPS NETHAJI CONVENT - (29130301504) ,7483577112
GJC AIMANGALA - (29130301505) ,9480397262
HPS-HS KITTURU RANI CHANNAMMA RESIDENCIAL SCHOOL SC AIMANGALA - (29130318305) ,9482943633
GMHPS BHARAMAPURA - (29130301901) ,7619125593
G L P S MALLARASANAHATTI - (29130301904) ,9632360139
HS JAVALI HANUMAPPA RURAL GUYILALU - (29130302202) ,9972003534
HPS LITTLE ROSE NATIONAL - (29130302908) ,9164918411
SRI PATEL THIPPAIAH AND KENCHAMMA HS HARTHIKOTE - (29130302907) ,6360957578
G.H.P.S T D HATTI - (29130303303) ,7259480909
HS KALABHAIRAVA RESIDENTAL HULITHOLU - (29130303403) ,9901625922
G L P S GOWNAHALLI GOLLARAHATTI - (29130303602) ,9740607692
HS BHAGAVATHI ANJANEYA - (29130304405) ,7259597387
PU BHAGAVATHI ANJANEYA RANGENAHALLI - (29130304406) ,9731401483
G.H.P.S. UPPARAHALLI - (29130304903) ,9845791962
HS SREE VEERABHADRASWAMY - (29130305702) ,9945954231
HPS LAL BAHADDUR SHASTRI KHANDENAHALLI - (29130306002) ,9743436423
GUHPS KHADENAHALLI - (29130306008) ,9620517676
SRI LAKSHMI VENKATESHWARA PRIMARY SCHOOL - (29130306402) ,8310487079
G J.C. HARIYABBE - (29130306505) ,9740932357
HPS BHARATHA MATHA HARIYEBBE - (29130306503) ,9591755889
HPS- HS JET RURAL EDUCATION GOLLAHALLI - (29130306703) ,9845905550
GJC DEVARAKOTTA - (29130307003) ,9901932893
HPS -HS EKLAVYA MODEL RESIDENTIAL SCHOOL - (29130307005) ,9900557357
HS SRI PARTHALINGESHWARA BYADARAHALLI - (29130307104) ,9900350611
HS M.J.R. SCHOOL HUVINAHOLE - (29130307204) ,9741096212
HPS SWABHIMANA RESIDENTIAL - (29130307401) ,9972048132
GUHPS DHARMAPURA - (29130307416) ,7892246340
PU PANCHALINGESWARA - (29130307412) ,9008483757
HPS BRILLIANT - (29130307402) ,9611416838
HS SWABHIMANA RESIDENTIAL SCHOOL - (29130307413) ,9972048132
GUHPS KUNIKERE - (29130308701) ,9663594828
HPS RANGANATHA BABBUR - (29130309104) ,9008340184
HPS-HS-PU YAJNAVALKYA - (29130309210) ,9880742939
HS GREEN PASTURES AMMAN HATTI - (29130309904) ,9980843439
GJC V.V PURA - (29130310106) ,9591072355
HS BLGOWDA MEMORIAL - (29130310107) ,8660785215
HPS-HS MORARJI V.V PURA - (29130310105) ,9620498611
GUHPS V.V.PURA - (29130310101) ,9986829072
HPS-HS JAVAAHARA NAVODAYA VIDYALAYA UDUVALLI - (29130310704) ,9380775702
G L P S M G GUDLU - (29130311302) ,9611305604
PU ANCIENT PRIVATE COLLAGE NANDIHALLI - (29130311502) ,9113831197
GGLPS URDU PITLALI - (29130311702) ,9740105405
KARNATAKA PUBLIC SCHOOLS GHPS HOSAYELANADU - (29130311801) ,9986468472
RKM HP SCHOOL AARANAKATTE - (29130312203) ,7090080389
SRI BASAVESWARA RURAL HIGH SCHOOL K R HALLI - (29130312506) ,9008618809
G L P S. K R HALLI GOLLARAHATTI - (29130312501) ,9731355678
GTLPS ADIVALA - (29130313106) ,9606832236
GUHPS ADIVALA - (29130313104) ,9980858320
HPS and HS BAPUJI ADIVALA FARM - (29130313108) ,9972001175
HS NEHRU RURAL ADIVALA - (29130313112) ,9945408877
GUHPS MALAGONDANAHALLI - (29130313803) ,9449478784
GJC J.G.HALLI - (29130314114) ,9964433921
HPS SHARADA J.G.HALLI - (29130314103) ,9008251330
GUHPS J.G.HALLI - (29130314102) ,8970490095
SMT INDIRA GANDHI RESIDENTIAL SCHOOL - (29130307006) ,9741166356
GJC YALLADAKERE - (29130314718) ,9980870288
OXFORD SCHOOL YELLADAKERE - (29130314719) ,8050908860
GJC HIRIYUR - (29130315834) ,9164467653
HPS-HS- SRI BASAVARAJ - (29130315856) ,9845324569
JAIMINI PUBLIC SCHOOL - (29130315858) ,9844232623
VANIVILASA ENGLISH MEDIUM HIGH SCHOOL NEHRU STADIUM - (29130315833) ,9845040555
BET EURO INTERNATIONAL SCHOOL - (29130315861) ,9481066030
SRI VIDHYA VIKASA PRIMARY SCHOOL HIRIYUR - (29130315859) ,9620984716
HS ST.ANNEIS VEDAVATHI NAGARA - (29130315839) ,7760265540
HS VEDAVATHI HIRIYUR - (29130315836) ,9480546194
HPS-HS-PU GANGA CENTRAL SCHOOL - (29130316205) ,8749087033
SRI MOKSHAGUNDAM VISHWESHWARAIAH ENGLISH MEDIUM HIGHER PRIMARY AND HIGH SCHOOL - (29130316207) ,8197038803
HPS-HS PRESIDENCY SCHOOL HYR - (29130316208) ,8105432009
HPS MOKSHAGUNDUM - (29130316206) ,8197038803
HS S.J.R HIRIYUR - (29130316204) ,9035666343
HPS ST ANNES SCHOOL - (29130316306) ,6366139484
HPS-HS MORARJI DESAI RESIDENTIAL SCHOOL BCL DEVARAKOTTA HIRIYUR TQ - (29130316303) ,9686176122
LPS SM PUBLIC VEDAVATHI NAGAR - (29130316305) ,8147647009
HPS BAPUJI CONVENT AVADHANI NAGARA - (29130316405) ,9880642405
HPS-HS MORARJI DESAYI DEVARAKOTTA MINARITY - (29130316304) ,7760708033
HPS RBN MEMORIAL HIRIYUR - (29130316403) ,7259640826
PU JNANA BHARATHI HIRIYUR - (29130316408) ,9148489524
HPS-HS JNANA BHARTHI ENGLISH MEDIUM HIRIYUR - (29130316409) ,9148489524
SIDDESWARA MENTAL RETARDED SCHOOL - (29130316410) ,8217584871
DR B.R AMBEDKAR COLLEGE HIRIYUR - (29130316505) ,9916565722
HPS SRI BASAVARAJ HIRIYUR - (29130316503) ,9972199458
HPS GOUTHAM ACADEMY SCHOOL HIRIYUR - (29130316504) ,9986460007
GUHPS AZAD NAGAR - (29130316601) ,9900214418
HPS BAPUJI AZAD NAGARA - (29130316703) ,8884826004
MOULANA AZAD SCHOOL - (29130316912) ,8970501612
HS VAGDEVI KANNADA HYR - (29130316908) ,9448264124
HPS SRI VASAVI - (29130316911) ,9611537357
SRI VASAVI ENGLISH HIGH SCHOOL - (29130316909) ,9535128320
"GKMHPS, NEHRU FIELD, HIRIYUR - (29130316906) ",9697922933
HPS SRI VAGDEVI - (29130316910) ,9901125297
GUMHPS NEHARU MAIDANA - (29130316907) ,9449512600
HS TAHA HIRIYUR - (29130317002) ,9945526786
HPS TAHA SCHOOLHIRIYUR - (29130317001) ,9945526786
HPS NOBLE HIRIYUR - (29130317102) ,9844068257
HPS and HS REGIONAL HIRIYUR - (29130317503) ,9945456527
LPS IQRA GOLDEN HARVEST URDU HIRIYUR - (29130317702) ,9731330204
GPU GIRLS COLLAGE HIRIYUR - (29130317803) ,9449684092
HS-PU GIRISHA HIRIYUR - (29130317804) ,9986787901
GTHPS HIRIYUR - (29130317802) ,9880315199
HPS GIRISH ENGLISH - (29130317806) ,9902644929
HPS GIRISHA KANNADA - (29130317805) ,9886947072
HPS BAPU HIRIYUR - (29130317902) ,9535892779
HS SMT RAMABAI AMBEDKAR HYR - (29130318002) ,9902124030
HPS SATHYA SAI - (29130318206) ,9632846257
HS SATHYA SAI - (29130318205) ,9845148374
HS ASSUMPTION KANNADA - (29130318407) ,9886923393
GUHPS HARICHANDRA GHAT - (29130318405) ,8123967540
HPS ASSUMPTION ENGLISH HYR - (29130318409) ,9481286119
HPS ASSUMPTION KANNADA HYR - (29130318408) ,9886878677
HS ASSUMPTION ENGLISH HIRIYUR - (29130318410) ,9740104486
YAJNAVALKYA PUBLIC SCHOOL HIRIYUR - (29130318503) ,9008357766
HPS MES CONVENT - (29130318502) ,9632976135
HS RASHTRIYA ACADEMIC - (29130318501) ,9880018645
HPS RASHTRIYA ACADEMY HYR - (29130318504) ,9880018645
MONTESSORI ENGLISH MEDIUM HIGH SCHOOL HULIYAR ROAD HIRIYUR - (29130318802) ,9448115286
HPS SWAMY VIVEKANANDA - (29130318803) ,9972617172
KARNATAKA PUBLIC SCHOOLS KPS HOSAYALANADU - (29130319003) ,9739522317
GGLPS URDU HOSAYALANADU - (29130319002) ,7026244600
HS VANIVILASA RURAL - (29130319101) ,9945418801
HS SRI SIDDALINGESWARA A.V.K - (29130319401) ,9449320969
HPS-HS MORARJI DESAYI YALLADAKERE -ST - (29130318304) ,9739194144
SRI GNANAJYOTHI HIGH SCHOOL YALLADAKERE - (29130319601) ,9448566205
B.C.M ASHRAMA SHALE - (29130320201) ,9535984162
SRI NETHAJI SUBHASH CHANDRA BOSE HIGH SCHOOL ADANURU - (29130401505) ,9481087705
JNANODAYA HIGHER PRIMARY SCHOOL SHIVAPURA - (29130401806) ,9980649241
HIGHER SECONDARY SCHOOL NULIYACHANDAIAH SHIVAPURA - (29130401805) ,9483772665
HPS GUNDIMADU G.HATTI - (29130402105) ,7022689779
SANDEEPANI INTERNATIONAL SCHOOL - (29130402606) ,9611747035
BHOMIKA HPS - (29130402605) ,9980952655
HPS MURARJEE DESAI RESI.HLK - (29130402726) ,9900599056
TPCK GIRLS ENGLISH MEDIUM HIGH SCHOOL - (29130402735) ,9036637898
LPS H.LAMBANIHATTI - (29130402701) ,9900336692
VAGDEVI INTERNATIONAL RESIDENTIAL SCHOOL - (29130402734) ,7899703002
DREAM WORLD INTERNATIONAL PUBLIC SCHOOL - (29130402912) ,8310124238
SMGBHS HS AREHALLI - (29130402909) ,9008126393
GGLPS URDU NEHARU COLONY - (29130402911) ,9739747273
GMHPS AREHALLI - (29130402910) ,7760578935
GLP MALKAPURA - (29130402904) ,9945429447
ST MARY'S HIGH SCHOOL - (29130402913) ,9480536563
SRI VISHWESHWARAYA HIGHER PRIMARY SCHOOOL GUNDERI - (29130403905) ,9845238106
SRI DURGAMBIKA RURAL HIGH SCHOOL VISHWANATHANAHALLI - (29130404102) ,9480542488
SRI RANGANATHA SWAMY HS RAMAGHATTA - (29130404504) ,9481670587
SURYA INTERNATIONAL ENGLISH MEDIUM PRIMARY SCHOOL - (29130415604) ,8217640136
GKMMS MALLADIHALLI - (29130404805) ,8553888016
GURUKULA VIDYAPEETA HPS CBSE - (29130404809) ,9901159502
SRI RAGHAVENDRA GURUKULA VIDYA PEETA HPS - (29130404807) ,9591273189
HPS BASAPURA - (29130404901) ,9980195067
HPS R.NULENURU - (29130405001) ,7026053324
LPS R.NULENURU LAMBANIHATTI - (29130405002) ,9845682362
HPS DOGGANAL - (29130405201) ,8152076984
LPS CHANNAPPANAHATTY - (29130405303) ,8095358838
ARUNODAYA HS DUMMI - (29130405304) ,9731923837
SRI JNANA JYOTHI CONVENT - (29130405305) ,8296375440
SRI THIRUMALA JUNJESHWARA HS KALKERE - (29130405404) ,9845115659
HPS K.LAMBANIHATTI - (29130405403) ,9880219297
HPS KALKERE - (29130405401) ,9901327126
RISHI GURUKULAM RESIDENTIAL SCHOOL RANGAPURA - (29130405604) ,9740606906
LPS R.LAMBANIHATTI - (29130405602) ,9482241991
SJHS RANGAPURA - (29130405603) ,9980728491
HPS RANGAPURA - (29130405601) ,9481865878
LPS TALIKATTE KAVAL - (29130406001) ,9901655684
SBRHS TALIKATTE - (29130406105) ,9945241548
SANDEEPINI HIGHER PRIMARY SCHOOL TALIKATTE - (29130406110) ,9980952655
HPS TALIKATTE A.K.COLONY - (29130406106) ,9880579435
LPS T.VADERAHALLI - (29130406201) ,7026553147
BAPUJI RURAL H.S. SCHOOL RAMAGIRI - (29130406408) ,8880868610
SRIMATI INDIRA GANDHI RESIDENTIAL SCHOOL RAMAGIRI - (29130406412) ,9663672960
HPS JNANAVAHINI RAMAGIRI - (29130406409) ,9845789171
SKHS RAMAGIRI - (29130406406) ,9448805198
SJM RAMAGIRI - (29130406405) ,9901669702
LPS R GOLLARAHALLI - (29130406601) ,9900336464
HPS UGANEKATTE VADARAHATTI - (29130406704) ,9481078127
LPS UGANEKATTE - (29130406701) ,8197402161
LPS BALIHAL - (29130406803) ,9972089163
HPS GOUDI HALLI - (29130406801) ,9902851434
SRI BASAVESHWARA RURAL HIGH SCHOOL GOWDIHALLI - (29130406805) ,9964383985
HPS GANGASAMUDRA - (29130406901) ,9449649872
HPS R.D.KAVALU - (29130407101) ,9379141323
SRRHS KENCHAPURA - (29130407204) ,9449530835
HPS KENCHAPURA - (29130407201) ,7829416433
LPS D H LAM HATTY - (29130407302) ,9972600762
HPS THUPPADAHALLI - (29130407401) ,9945896390
LPS S.LAMBANIHATTI - (29130407502) ,6364580575
HPS SINGENAHALLI - (29130407501) ,9740111482
LPS GANJIGATTE LAMBANIHATTI - (29130409202) ,9008394694
LPS UDOGERE - (29130409301) ,8861895446
SHREE L SIDDAPPA MEMORIAL ENGLISH MEDIUM HIGH SCHOOL - (29130409815) ,9686121194
TARALUBALU HPS MUTTUGADURU - (29130409812) ,9686121194
SLSM HS MUTTUGADURU - (29130409809) ,9741469401
LPS VISHWANATHANAHALLI - (29130409807) ,9845357230
HPS MUTHUGADURU - (29130409803) ,9741996263
HPS BATHIREVANASIDDESWARA - (29130409806) ,9880718509
LPS GULAGANJI HATTI - (29130409801) ,9731078061
LPS K.VADDARAHATTI - (29130410402) ,9980728862
LPS K.LAMBANIHATTI - (29130410403) ,9980116973
SRIMATI INDIRA GANDHI RESIDENTIAL SCHOOL B DURGA - (29130410605) ,9164333804
SKMSHS B DURGA - (29130410603) ,9986890178
HPS MARUTHI CHIKKAJAJUR - (29130412308) ,9611009598
SRI SHARADA NATIONAL SCHOOL CHIKKAJAJURU - (29130412330) ,9880585668
AKSHARA VIDYANIKETANA ENGLISH MEDIUM HIGH SCHOOL . CHIKKAJAJURU - (29130412327) ,7899722961
VISHWACHETHANA HIGHER PRIMARY SCHOOL CHIKKAJAJURU - (29130412328) ,9611350585
GPUC CHIKJAJUR - (29130412329) ,9740610478
SRI SIDDARAMESHWARA HIGH SCHOOL CHIKKAJAJUR - (29130412321) ,9739277663
AKSHARA VIDYA NIKETHANA HIGHER PRIMARY SCHOOL CHIKKAJAJURU - (29130412322) ,7899722961
SJM HIGH SCHOOL CHIKJAJURU - (29130412323) ,8147644148
VISHWACHETHA HIGHER SECONDARY SCHOOL CHIKKAJAJURU - (29130412324) ,9980499358
NLPS CHIKKAJAJUR J.COLONY - (29130412326) ,8970125678
EDIGARA OBALASWAMY GMHPS CHIKKAJAJUR - (29130412301) ,8861395487
SRI KALLESHWARA LPS SCHOOL - (29130412904) ,9900309110
LPS HOSAHALLI - (29130413501) ,9972675654
KARNATAKA PUBLIC SCHOOLS GPUC KASHIPURA - (29130414303) ,9449077148
KARNATAKA PUBLIC SCHOOLS GHPS KASHIPURA - (29130414301) ,9900576160
SHARANA BASAVESHWARA HIGH SCHOOL CHITRAHALLI GATE - (29130414905) ,8970445285
MURARJEE DESAI RESIDENSIAL SCHOOL ST CHITRAHALLI - (29130414907) ,9900599056
SCPU COLLEGE (11-12) CHITRAHALLI - (29130414906) ,9449288501
SRI VEERABADRESHWARA HIGHER PRIMARY SCHOOL T.NULENUR - (29130415002) ,9448686887
VIDYARATNA INTERNATIONAL SCHOOL - (29130415605) ,9474636363
GMHPS SHIVAGANGA - (29130415601) ,8197678378
HPS VEERABHADRESHWARA CONVENT SS - (29130415603) ,9449361885
LPS SHIRAPANAHALLI - (29130416401) ,9449375415
LPS HALEHALLI - (29130416703) ,9731299707
ARUNODAYA HIGHER PRIMARY SCHOOL TALYA - (29130416709) ,9844969235
KITTURU RANI CHENNAMMA RESIDENTIAL SCHOOL - (29130416710) ,9686146740
SPHS - (29130416914) ,7348855305
GGLPS URDU HD PURA - (29130416916) ,9742982647
SRHDPS - (29130416903) ,9481040306
SLNRHS H.D. PURA - (29130416913) ,7846999642
ARUNODAYA HPS - (29130416912) ,6362102684
HPS C.D.HALLI - (29130418301) ,8317312006
LPS NERALAKATTE - (29130418501) ,9113252007
LPS VENKATESHAPURA - (29130419001) ,8971078421
LPS KUMMINAGHATTA - (29130419101) ,9663744145
SV VS UPPARIGENAHALLI - (29130419504) ,9606891934
GPUC NG HALLI . HIGH SCHOOL SECTION - (29130420105) ,7353362824
HPS ARUNODAYA - (29130420303) ,9632261569
S.J.M.PU COLLEGE (11-12) HLK TOWN - (29130420304) ,8762537931
SJM HS HOLALKEE - (29130420302) ,9964848482
GMHPS SCHOOL HOLALKERE - (29130420402) ,9482108873
TPCK GIRLS HS HOLALAKERE - (29130420503) ,9008525020
LPS TARALABALU HLK - (29130420505) ,9036637898
SRI GAJANA LPS SCHOOL HOLALKERE - (29130420504) ,8217263055
EMMANUEL MISSION HIGHER PRIMARY SCHOOL HOLALKERE - (29130420608) ,9911636892
VAGDEVI ENGLISH MEDIUM HIGH SCHOOL HOLALKERE - (29130420610) ,8152863236
SRI VAGDEVI HIGHER PRIMARY SCHOOL - (29130420612) ,9900980619
HPS G.K. NATIONAL HLK - (29130420609) ,9148162008
HIGH SCHOOL G.K. NATIONAL HLK - (29130420611) ,8197781217
HPS NES COLONY - (29130420705) ,9902372429
ST.MARRIES HPS HLK - (29130420706) ,9480536563
NAVODAYA HPS - (29130421109) ,9902857391
BHUMIKA LPS HLK. - (29130421205) ,9611747035
LITTLE BIRDS CONVENT HOLALKERE - (29130421206) ,7829670844
HPS BRILLIANT - (29130421302) ,9886568357
K.R.C. RESIDENTIAL SCHOOL HLK - (29130421404) ,8660349900
NAVARATHNA LPS SCHOOL TEKALAVATTI - (29130424002) ,9902045353
SREE RANGANATHA SWAMY HS - (29130424601) ,9448534791
SRI MANJUNATHASWAMY HIGH SCHOOL HOLALKERE - (29130424701) ,9449128371
GNANA VIKASA NATIONAL SCHOOL - (29130424702) ,9449512421
DR.B.R.AMBEDKAR HS HOLALAKERE - (29130424801) ,9901352900
SGRHS ALAGATTA - (29130500704) ,9901473935
SWAMY VIVEKANANDA PUBLIC SCHOOL - (29130501004) ,9902216678
OXFORD INTERNATIONAL HIGHER PRIMAY SCHOOL ARALIHALLI GATE - (29130501003) ,9482282025
VIDHYAVAHINI VIDYANIKETHANA HS BAGURU - (29130501705) ,9945563499
VIDYAVAHINI VIDYANIKETHANA HPS BAGURU - (29130501704) ,9945563499
PARAPPA SWAMY H.S.BAGUR - (29130501706) ,9980728264
SREE VEERABALLALA RURAL HS BALLALASAMUDRA - (29130501906) ,9901985367
SUVRNA INDEPENDENT PUC COLLEGE - (29130502019) ,8861079572
JNANABHARATHI HPS BELAGURU - (29130502004) ,9611274124
SAYADRI HPS BELAGURU - (29130502018) ,9731555751
S P R INDE PU(11-12)COLLEGE BELAGURU - (29130502016) ,9448308918
AKSHARADHAMA PUBLIC SCHOOL BELAGURU - (29130502017) ,9900198237
GOOD SHEPHERD BELAGURU - (29130502014) ,9448918588
SGB ENGLISH MEDIUM HIGH SCHOOL - (29130502020) ,9945140899
GAVI RANGANATHA HPS BELAGURU - (29130502008) ,9902718500
HONNAMBIKA HS BELAGURU - (29130502012) ,9611938276
SGB KANNADA MEDIUM HIGH SCHOOL BELAGURU - (29130502013) ,9945140899
JNANAJYOTHI VIDYALAYA HPS - (29130502602) ,9632759634
LAKSHMINARASIMHA SWAMY H.S.DEVIGERE - (29130502703) ,9449307181
GAVIRANGANATHA COMP Jr.(8-12) COLLEGE DODDAGATTA - (29130502903) ,9731076586
Sri Honnamaradi public school - (29130503205) ,6362466077
GJC (8-12) DODDATEKALAVATTI - (29130503204) ,9964979761
SIDDARTHA.H.S.GARAGA - (29130503606) ,9980242921
GAVIRNGANATHA SWAMY HS G.R.PURA - (29130503705) ,9449419535
SRI SHARADA HIGHER PRIMARY SCHOOL JANAKAL - (29130504714) ,9164805116
GMHPS JANAKAL - (29130504701) ,9482109850
BAPUJI H S - (29130504713) ,9731820830
SRI SHANKARESHWARA HS JANAKAL - (29130504712) ,8123560486
KATHIKALLAMBA H.S.KABBALA - (29130505203) ,8762003515
KITTURU RANI CHENNAMMA RESIDENTIAL SCHOOL NEERAGUNDA GATE - (29130506206) ,9916277158
SGRM PUBLIC SCHOOL K K HATTI - (29130506205) ,8722925681
INDIRAGANDHI HPS YALAKINAGARA - (29130506203) ,7975034699
KANCHIVARADA H.S.KANCHIPURA - (29130506705) ,9482196858
SRI KANCHIVARADARAJA SWAMY HIGHER PRIMARY SCHOOL - (29130506704) ,9731664712
PURUSHOTHAMANANDAPURA PUBLIC SCHOOL - (29130506902) ,7619457532
SRI BASAVESHWARA H.S.KAPPAGERE - (29130507204) ,9740009255
SGRHS KAREHALLI - (29130507602) ,9481909457
MARUTHI HS KELLODU - (29130507803) ,9902851397
MARUTHI.H.S C.B.KERE - (29130507904) ,9901123101
KALPATARU COMP Jr. COLLEGE (8-12) KITTADAL - (29130508202) ,9731665722
VINAYAKA.H.S.KONDAPURA - (29130508502) ,9900989023
SMT INDIRAGANDHI RESIDENTIAL SCHOOL NAYIGERE - (29130509902) ,9945704520
MANJUNATHESHWARA H.S.NEERAGUNDA - (29130510203) ,9901741185
GNANA JYOTHI PUBLIC SCHOOL - (29130510302) ,9611514586
SRI KATTERANGANATHA HS (8-10) S NERALAKERE - (29130510407) ,8123929134
GOVERNEMNT LOWER PRIMARY SCHOOL GARIMBEELU - (29130510402) ,9663598062
SRI KATTERANGANATHA COMP(11-12) Jr COLLEGE S NERALAKERE - (29130510406) ,9900564989
SRIMATHI INDIRAGANDHI RESIDENTIAL SCHOOL - (29130511004) ,8951161125
GJC (8-12) DEVAPURA - (29130511111) ,9449942344
GBCM ASHRAMA SCHOOL - (29130511503) ,9844292191
SUN SHAINE PUBLIC SCHOOL - (29130511803) ,9108602153
RAMAN INTERNATIONAL PUBLIC SCHOOL - (29130512302) ,9483594116
RP ACDEMY INDEPEPNDENT PUC COLLEGE - (29130512403) ,7406676555
S.T.ANTONY'S H.P.S.HOSADURGA - (29130512404) ,6361029520
DASHARATHA RAMESHWARA H.S.G.N.KERE - (29130512603) ,9986197739
INDIRAGANDHI RESIDENTIAL SCHOOL - (29130512604) ,7975664316
RAJARAJAESHWARI H.S.HAGALAKERE - (29130512803) ,9972976733
KALPATARU H.S.HEBBALLI - (29130513103) ,8497005868
S.L.R.H.S.HEGGERE - (29130513205) ,9964448086
ANJANEYA HPS HONNENAHALLI - (29130513503) ,8197760411
ANJANEYA HS HONNENAHALLI - (29130513502) ,8296242075
DURGAMBIKA HPS MADADAKERE - (29130514403) ,9481171662
SRI MURALIDHARA HS (8-10) MADADAKERE - (29130514406) ,8861124905
SRI MURULIDHARA PU(11-12) COLLEGE MADADAKERE - (29130514405) ,9980304352
BASVESHWARA H.S.MARABAGATTA - (29130515102) ,9611276024
GAVIRANGANATHA H.S.ATTIMAGE - (29130515206) ,7022856084
SHARADA LPS MATTHODU - (29130515306) ,9008898174
GOKULA HPS MATTHODU - (29130515305) ,9731651855
BASAVESHWARA HS. MATHODU - (29130515309) ,9980997447
BALIGONDUGURI HPS MATTHODU - (29130515302) ,8971799592
HS GNANA GANGOTRI - (29130515503) ,9901654349
HPS GNANA GANGOTRI - (29130515502) ,7353992455
MYLARALINGESWARA HS - (29130516102) ,9945557578
SIDDARTHA HS SOMENAHALLI - (29130516502) ,9008120751
KARNATAKA PUBLIC SCHOOLS GJC (8-12) SRIRAMPURA - (29130516611) ,8971658685
GURUNIDHI HPS SRIRAMPURA - (29130516603) ,8861835822
VIDYA PRAKASH INTERNATIONAL SCHOOL - (29130516614) ,9449117090
KALIDASA H.S.SRIRAMPURA - (29130516612) ,9482067368
VASAVI HPS SRIRAMPUR - (29130516610) ,9945916770
KARNATAKA PUBLIC SCHOOLS GOVERNMENT M HIGHER PRIMARY SCHOOL SRIRAMPURA - (29130516601) ,9901622207
INCHARA INTERNATIONAL PUBLIC SCHOOL - (29130516803) ,9900646971
S.M.H.S.VENGALAPURA - (29130517902) ,9901238537
TARALABALU HPS HOSADURGA - (29130518615) ,9902779901
G.BASAPPA HPS HOSADURGA - (29130518618) ,9739415574
S NIJALINGAPPA INDEPENDENT PUC COLLEGE - (29130518614) ,8296470471
M P PRAKASH H.S.HOSADURGA - (29130518616) ,9164567680
SRI TARALABALU ENGLISH MEDIUM HIGH SCHOOL - (29130518620) ,9880521483
S.NIJALINGAPPA INTERNATIONAL SCHOOL - (29130518619) ,8277230684
SHRI PARVATHAMMA SIDDAMALLAPPA LPS - (29130518613) ,8762005205
PRERANA HPS HOSADURGA - (29130518617) ,8971713819
VIJAYAGANGOTHRI HPS HOSDURGA - (29130518702) ,9901619839
GJC(8-12) HOSADURGA - (29130518707) ,9113961614
SHREE TOTADHA RAMAIAH GOWRAMMA GIRLS HS - (29130518708) ,8105354405
BHAGAVAN PASHRWANATHA SWAMY HS HOSADURGA - (29130518706) ,9481670770
JNANAVAHINE HPS HOSDURGA - (29130518701) ,8861626358
VIDYAVAHINI HPS HOSADURGA - (29130518703) ,9632822593
TOTADA RAMAIAH HS HOSADURGA - (29130518705) ,8105354405
P.G.HPS HOSADURGA - (29130518704) ,8105185653
DURGAMBIKA HPS HOSDURGA - (29130518804) ,9148697992
S D A HPS HOSADURGA - (29130519001) ,9448504591
S.D.A.H.S. HOSADURGA - (29130519002) ,9480342712
SRI KANAKA VIDYANIKETHANA HPS HSD HOSADURAGA - (29130519101) ,7022813188
MOULANA AZAD MODEL SCHOOL - (29130519205) ,9632216963
G KARYAPPA HPS HOSADURGA - (29130519203) ,8105004131
GENRAL CARIYAPPA H.S.HOSADURGA - (29130519204) ,9902628100
VANIVILASA HS HOSADURGA - (29130519402) ,9449982811
VANIVILASA HPS HOSADURGA - (29130519401) ,7406558002
GAVIRANGANATHA SWAMY HPS HOSDURGA - (29130519701) ,9449581143
SRI GAVIRANGANATHASWAMY COMP Jr(8-12) COLLEGE HOSADURGA - (29130519702) ,9060950291
SIDDARTHA.H.S.HOSADURGA - (29130520004) ,9986624498
Sri Gurupadeshwara High School - (29130520705) ,9606878010
GURUPADESHWARA HS SANIHALLI - (29130520703) ,9972704696
SRI SHIVAKUMARA SWAMIJI HPS SANIHALLI - (29130520702) ,9480343021
SRI SHIVAKUMARA SWAMIJI HIGHER PRIMARY SCHOOL-SANEHALLI - (29130520706) ,9480343021
GJC (8-12) ANIVALA - (29130521501) ,9449973971
SRI VINAYAKA Jr.(11-12) COLLEGE MALALI - (29130525802) ,9901864211
SRI VINAYAKA HS (8-10) MALALI - (29130525801) ,9845702552
RAMANJANEYA H.S.BUKKASAGARA - (29130526701) ,9980420979
JAGADAMBA H.S.ARAALAHALLI - (29130527101) ,8971528832
INDIAN INTERNATIONAL PUBLIC SCHOOL - (29130528603) ,8861666180
CHANNAKESHAVA HS (8-10) MADURE - (29130528605) ,9480613199
CHANNAKESHAVA HPS MADHURE - (29130528601) ,9632121510
CHANNAKESHAVA SWAMY Jr.(11-12) COLLEGE MADHURE - (29130528602) ,9449442597
ADITHYA VIDYA SHILPA PRIMARY SCHOOL - (29130531301) ,9663560993
KALPATHARU HPS HOSADURGA ROAD - (29130535702) ,9980170649
SIDDARAMESWARA COMP Jr.(8-12) COLLEGE MALLAPPANAHALLI - (29130535703) ,9740591833
KAMPALARANGA RHS - (29130601505) ,8970297602
JHANSI RANI LAKSHMI BAI LPS - (29130601506) ,9449536895
SRI ANJANEYASWAMY PUC (11-12) - (29130601704) ,9902993989
S.G.N.RHS CHIKKOBANAHALLI - (29130601703) ,9632133638
SRI GURU KARIBASAWESHWARA HPS - (29130601911) ,8861831532
GPU COLLEGE KONDLAHALLI - (29130601910) ,9008390678
POORNA PRAGNA HPS KONDLAHALLI - (29130601906) ,9740053406
SARVODAYA NATIONAL SCHOOL - (29130601912) ,8892886925
SARVODAYA NATIONAL SCHOOL KONDALAHALLI - (29130601907) ,9980560945
RHS KONDLAHALLI - (29130601909) ,9972974318
BST NURSERY LPS - (29130603405) ,7259748160
ASHOKA RHS SIDDAPURA - (29130603407) ,8861817450
SREEMATHI INDIRAGANDHI RESIDENTIAL SCHOOL - (29130604606) ,9611728144
SGMVS LPS DEVASAMUDRA - (29130604603) ,9448979936
VIDYAVIKAS HPS KARADIHALLI - (29130607502) ,7702668823
SHANTINIKETANA HIGHER PRIMARY SCHOOL - (29130607706) ,9880039393
GUHPS RAMPURA - (29130607702) ,9742888974
RAMESHWARA HPS - (29130607704) ,9448311380
ST.JOANS HPS AND HIGH SCHOOL RAMPURA - (29130607713) ,9449568808
SHANTHINIKETHANA HS RAMPURA - (29130607725) ,9880039393
S.S.PUBLIC SCHOOL - (29130607724) ,9538641910
SRI MUDUKESHWARA HPS AND HS RAMPURA - (29130607714) ,9008611900
BHARATH NATIONAL SCHOOL - (29130607720) ,8050044257
S.L.N.HS RAMPURA - (29130607712) ,9449602155
SPSRJ COLLEGE RAMPURA - (29130607711) ,9449485135
ST. JOHN HIGHER PRIMARY SCHOOL RAMPURA - (29130607705) ,9449568808
HPS SLN RAMPURA - (29130607703) ,9480599060
S.M.S LOWER PRIMARY SCHOOL RAMPURA - (29130607716) ,8197874280
SRI MUDUKESHWARA HPS - (29130607715) ,9008611900
ASHRAMA SHALE RAMPURA - (29130607722) ,9901465197
SRI SHARADA GANGOTHRI HPS - (29130607718) ,9538834094
ANANYA LOWER PRIMARY SCHOOL RAMPURA - (29130607723) ,9632228495
ARUNODAYA HPS AND HS K.K.PURA - (29130607804) ,9449970883
ARUNODAYA HPS K.K.PURA - (29130607802) ,9449970883
SRI VIJAYAMANTHESWARA HPS - (29130609002) ,9845078412
SRI NUNKEMALE SIDDESHWARA HS HANAGAL - (29130609308) ,9483260900
KRC SCHOOL MLK - (29130612407) ,9611524646
MURARJI DESAI RES SCHOOL - (29130600708) ,9611524646
JNANABHARATHI PRIMARY SCHOOL - (29130610303) ,9902407726
SRI GURU RAGHAVENDRA HIGH SCHOOL - (29130610302) ,8970252513
SREE POORNA BHODA SCHOOL - (29130610502) ,9449980498
GUHPS NAGASAMUDRA - (29130611102) ,8105733426
SIDDARTHA HPS NAGASAMUDRA - (29130611104) ,9845368482
SHARADA HPS B.G.KERE - (29130611301) ,9591736685
YERAMANCHANAYAKA HPS MLK - (29130611601) ,9740599007
SRI PALLALLI THIMMAPPA GHPS YEDDULA BOMMAIAHNAHATTI - (29130611605) ,9611302673
IQRA SCHOOL - (29130611606) ,7795090068
GBHPS KSHETRA MADARI - (29130611701) ,9008731142
GUMHPS MOLAKALMURU - (29130611603) ,9341566162
K.G.B.V MOLAKALMURU - (29130611703) ,9611302673
GJC MOLAKALMURU - (29130612305) ,9916575350
SARVODAYA HPS AND SRI CHAITHANYA PUBLIC HIGH SCHOOL - (29130611803) ,9481719898
DEEPIKA ENGLISH MEDIUM HS MLK - (29130612403) ,9686173468
ADARSHA VIDYALAYA - (29130612408) ,8660222274
SRI SRINIVASA NAYAKA HS MLK - (29130612404) ,9448007247
DEEPIKA HPS MLK - (29130612402) ,9686173468
SIR.M.V HPS MLK - (29130612501) ,9164761118
SIR.M.V. ENGLISH SCHOOL MLK - (29130612502) ,9740418401
JAWAHAR HPS MLK - (29130612603) ,9844444895
GAYATHRI HPS MLK - (29130612606) ,9481709823
SKM HPS MLK - (29130612503) ,9008545892
SRI DURGA HS MLK - (29130612707) ,9663970062
ST JOAN'S HPS MOLAKALMURU - (29130612708) ,8123690566
VISHALAKSHI RHS KONASAGARA - (29130613202) ,9632188175
SREE KUVEMPU MEMORIAL HPS - (29130613201) ,9880771658
GUHPS B.G.KERE - (29130613403) ,9743792405
SRI BASAVESHWARA RHS B.G.KERE - (29130613402) ,8971301962
MOULANA AZAD MODEL SCHOOL - (29130614001) ,8746863391
